{"cameraMode":{"drawMode":0,"name":"Shaded","section":"Shading Mode"},"sceneLighting":true,"audioPlay":false,"sceneViewState":{"showFog":true,"showMaterialUpdate":true,"showSkybox":true,"showFlares":true,"showImageEffects":true,"showParticleSystems":true},"in2DMode":false,"pivot":{"x":-26.06307029724121,"y":62.8614501953125,"z":-22.770492553710939},"rotation":{"x":-0.5968918204307556,"y":-0.046143192797899249,"z":0.0344100296497345,"w":-0.8002543449401856},"size":19.191648483276368,"orthographic":false}